<?xml version="1.0" encoding="UTF-8"?>
<window>
    <defaultcontrol>400</defaultcontrol>
    <onback>Close</onback>
    <animation effect="slide" start="0,1080" end="0,0" time="400" tween="cubic" easing="out">WindowOpen</animation>
    <animation effect="fade" start="0" end="100" time="400">WindowOpen</animation>
    <animation effect="slide" start="0,0" end="0,1080" time="300" tween="cubic" easing="in">WindowClose</animation>
    <animation effect="fade" start="100" end="0" time="300">WindowClose</animation>

    <controls>
        <!-- BACKGROUND ESCURO -->
        <control type="image">
            <width>1920</width>
            <height>1080</height>
            <texture colordiffuse="FF101010">AddonWindow/black.png</texture>
        </control>
        
        <!-- BACKDROP COM FADE -->
        <control type="image">
            <aspectratio>scale</aspectratio>
            <width>1920</width>
            <height>1080</height>
            <texture>$INFO[Window.Property(backdrop)]</texture>
            <colordiffuse>30FFFFFF</colordiffuse>
            <animation effect="fade" start="0" end="100" time="600" delay="200">WindowOpen</animation>
        </control>
        
        <!-- GRADIENTE OVERLAY -->
        <control type="image">
            <width>1920</width>
            <height>1080</height>
            <texture colordiffuse="AA000000">AddonWindow/white.png</texture>
            <animation effect="fade" start="0" end="100" time="400">WindowOpen</animation>
        </control>

        <!-- POSTER -->
        <control type="image" id="200">
            <top>80</top>
            <left>1250</left>
            <width>650</width>
            <height>950</height>
            <aspectratio aligny="top">stretch</aspectratio>
            <texture diffuse="cineroom_diffuse/poster_w217_h320.png">$INFO[Window.Property(poster)]</texture>
            <effect type="shadow" color="66000000" blur="20" />
            <animation effect="slide" start="200,0" end="0,0" time="400" tween="cubic" easing="out">WindowOpen</animation>
            <animation effect="fade" start="0" end="100" time="300" delay="100">WindowOpen</animation>
            <animation effect="slide" start="0,0" end="200,0" time="300" tween="cubic" easing="in">WindowClose</animation>
            <animation effect="fade" start="100" end="0" time="200">WindowClose</animation>
        </control>

        <!-- CONTEÚDO PRINCIPAL -->
        <control type="group">
            <left>100</left>
            <top>80</top>
            <width>1100</width>

            <!-- TÍTULO/LOGO -->
            <control type="group">
                <height>250</height>
                <left>150</left>
                <top>-50</top>
                <control type="image">
                    <width>800</width>
                    <height>200</height>
                    <aspectratio>keep</aspectratio>
                    <texture>$INFO[Window.Property(clearlogo)]</texture>
                    <visible>!IsEmpty(Window.Property(clearlogo))</visible>
                    <animation effect="slide" start="0,-300" end="0,0" time="500" tween="cubic" easing="out">WindowOpen</animation>
                    <animation effect="fade" start="0" end="100" time="400" delay="100">WindowOpen</animation>
                    <animation effect="slide" start="0,0" end="0,-300" time="300" tween="cubic" easing="in">WindowClose</animation>
                    <animation effect="fade" start="100" end="0" time="200">WindowClose</animation>
                </control>
                <control type="label" id="100">
                    <width>1100</width>
                    <height>70</height>
                    <font>font60</font>
                    <textcolor>FFFFFFFF</textcolor>
                    <wrapmultiline>true</wrapmultiline>
                    <label>$INFO[Window.Property(title)]</label>
                    <visible>IsEmpty(Window.Property(clearlogo))</visible>
                    <animation effect="fade" start="0" end="100" time="400" delay="100">WindowOpen</animation>
                </control>
            </control>

            <!-- ANO + DURAÇÃO -->
            <control type="label" id="103">
                <top>200</top>
                <width>1100</width>
                <height>30</height>
                <font>font14</font>
                <textcolor>FFCCCCCC</textcolor>
                <align>left</align>
                <label>$INFO[Window.Property(year)] • $INFO[Window.Property(duration)]</label>
                <animation effect="fade" start="0" end="100" time="400" delay="200">WindowOpen</animation>
            </control>

            <!-- GÊNEROS -->
            <control type="grouplist" id="400">
                <top>250</top>
                <height>70</height>
                <orientation>horizontal</orientation>
                <itemgap>10</itemgap>
                <onup>999</onup>
                <ondown>501</ondown>
                <animation effect="fade" start="0" end="100" time="400" delay="300">WindowOpen</animation>
                
                <control type="button" id="401">
                    <visible>!String.IsEmpty(Window.Property(Genre.1.Label))</visible>
                    <width>auto</width>
                    <label>$INFO[Window.Property(Genre.1.Label)]</label>
                    <font>font12</font>
                    <align>center</align>
                    <textoffsetx>20</textoffsetx>
                    <textoffsety>0</textoffsety>
                    <texturefocus border="15" colordiffuse="FF00AEEF">panel.png</texturefocus>
                    <texturenofocus border="15" colordiffuse="33FFFFFF">panel.png</texturenofocus>
                    <textcolor>FFCCCCCC</textcolor>   
                    <focusedcolor>FF000000</focusedcolor>
                    <animation effect="zoom" start="95" end="100" center="auto" time="150">Focus</animation>
                    <animation effect="fade" start="70" end="100" time="150">Focus</animation>
                    <onup>999</onup>
                    <onleft>999</onleft>
                    <ondown>501</ondown>
                </control>
                
                <control type="button" id="402">
                    <visible>!String.IsEmpty(Window.Property(Genre.2.Label))</visible>
                    <width>auto</width>
                    <label>$INFO[Window.Property(Genre.2.Label)]</label>
                    <font>font12</font>
                    <align>center</align>
                    <textoffsetx>20</textoffsetx>
                    <textoffsety>0</textoffsety>
                    <texturefocus border="15" colordiffuse="FF00AEEF">panel.png</texturefocus>
                    <texturenofocus border="15" colordiffuse="33FFFFFF">panel.png</texturenofocus>
                    <textcolor>FFCCCCCC</textcolor>   
                    <focusedcolor>FF000000</focusedcolor>
                    <animation effect="zoom" start="95" end="100" center="auto" time="150">Focus</animation>
                    <animation effect="fade" start="70" end="100" time="150">Focus</animation>
                    <onup>999</onup>
                    <onleft>401</onleft>
                    <ondown>501</ondown>
                </control>
                
                <control type="button" id="403">
                    <visible>!String.IsEmpty(Window.Property(Genre.3.Label))</visible>
                    <width>auto</width>
                    <label>$INFO[Window.Property(Genre.3.Label)]</label>
                    <font>font12</font>
                    <align>center</align>
                    <textoffsetx>20</textoffsetx>
                    <textoffsety>0</textoffsety>
                    <texturefocus border="15" colordiffuse="FF00AEEF">panel.png</texturefocus>
                    <texturenofocus border="15" colordiffuse="33FFFFFF">panel.png</texturenofocus>
                    <textcolor>FFCCCCCC</textcolor>   
                    <focusedcolor>FF000000</focusedcolor>
                    <animation effect="zoom" start="95" end="100" center="auto" time="150">Focus</animation>
                    <animation effect="fade" start="70" end="100" time="150">Focus</animation>
                    <onup>999</onup>
                    <onleft>402</onleft>
                    <ondown>501</ondown>
                </control>
            </control>

            <!-- SEPARADOR -->
            <control type="image">
                <top>330</top>
                <width>1100</width>
                <height>2</height>
                <texture colordiffuse="22FFFFFF">AddonWindow/white.png</texture>
                <animation effect="fade" start="0" end="100" time="400" delay="400">WindowOpen</animation>
            </control>


            <!-- ================== PROVIDERS ================== -->
            <control type="group" id="6000">
                <top>340</top>
                <width>1100</width>
                <height>100</height>
                <animation effect="fade" start="0" end="100" time="400" delay="500">WindowOpen</animation>
                
                <control type="label">
                    <height>25</height>
                    <font>font12</font>
                    <textcolor>FFFFFFFF</textcolor>
                    <label>[B]Disponível em[/B]</label>
                </control>

                <control type="group" id="500">
                    <top>45</top>
                    <height>70</height>
                    <width>1100</width>
                    
                    <!-- Provider 1 -->
                    <control type="group">
                        <left>0</left>
                        <width>60</width>
                        <height>60</height>
                        <visible>!IsEmpty(Window.Property(Provider.1.Icon))</visible>
                        
                        <control type="image">
                            <width>60</width>
                            <height>60</height>
                            <texture colordiffuse="33FFFFFF">common/umbbutton5.png</texture>
                        </control>
                        
                        <control type="image">
                            <left>5</left>
                            <top>5</top>
                            <width>50</width>
                            <height>50</height>
                            <aspectratio align="center" aligny="center">keep</aspectratio>
                            <texture>$INFO[Window.Property(Provider.1.Icon)]</texture>
                        </control>
                        
                        <control type="button" id="501">
                            <width>60</width>
                            <height>60</height>
                            <texturenofocus />
                            <texturefocus colordiffuse="FF00AEEF" border="30">focus.png</texturefocus>
                            <animation effect="zoom" start="100" end="110" time="150" center="30,30">Focus</animation>
                            <animation effect="zoom" start="110" end="100" time="150" center="30,30">UnFocus</animation>
                            <onup>400</onup>
                            <onleft>403</onleft>
                            <onright condition="!IsEmpty(Window.Property(Provider.2.Icon))">502</onright>
                            <ondown condition="String.IsEqual(Window.Property(media_type),movie) + !String.IsEqual(Window.Property(HasCollection),true)">302</ondown>
                            <ondown condition="String.IsEqual(Window.Property(media_type),movie) + String.IsEqual(Window.Property(HasCollection),true)">312</ondown>
                            <ondown condition="String.IsEqual(Window.Property(media_type),tvshow)">321</ondown>
                        </control>
                    </control>

                    <!-- Provider 2 -->
                    <control type="group">
                        <left>75</left>
                        <width>60</width>
                        <height>60</height>
                        <visible>!IsEmpty(Window.Property(Provider.2.Icon))</visible>
                        
                        <control type="image">
                            <width>60</width>
                            <height>60</height>
                            <texture colordiffuse="33FFFFFF">common/umbbutton5.png</texture>
                        </control>
                        
                        <control type="image">
                            <left>5</left>
                            <top>5</top>
                            <width>50</width>
                            <height>50</height>
                            <aspectratio align="center" aligny="center">keep</aspectratio>
                            <texture>$INFO[Window.Property(Provider.2.Icon)]</texture>
                        </control>
                        
                        <control type="button" id="502">
                            <width>60</width>
                            <height>60</height>
                            <texturenofocus />
                            <texturefocus colordiffuse="FF00AEEF" border="30">focus.png</texturefocus>
                            <animation effect="zoom" start="100" end="110" time="150" center="30,30">Focus</animation>
                            <animation effect="zoom" start="110" end="100" time="150" center="30,30">UnFocus</animation>
                            <onup>400</onup>
                            <onleft>501</onleft>
                            <onright condition="!IsEmpty(Window.Property(Provider.3.Icon))">503</onright>
                            <ondown condition="String.IsEqual(Window.Property(media_type),movie) + !String.IsEqual(Window.Property(HasCollection),true)">302</ondown>
                            <ondown condition="String.IsEqual(Window.Property(media_type),movie) + String.IsEqual(Window.Property(HasCollection),true)">312</ondown>
                            <ondown condition="String.IsEqual(Window.Property(media_type),tvshow)">321</ondown>
                        </control>
                    </control>

                    <!-- Provider 3 -->
                    <control type="group">
                        <left>150</left>
                        <width>60</width>
                        <height>60</height>
                        <visible>!IsEmpty(Window.Property(Provider.3.Icon))</visible>
                        
                        <control type="image">
                            <width>60</width>
                            <height>60</height>
                            <texture colordiffuse="33FFFFFF">common/umbbutton5.png</texture>
                        </control>
                        
                        <control type="image">
                            <left>5</left>
                            <top>5</top>
                            <width>50</width>
                            <height>50</height>
                            <aspectratio align="center" aligny="center">keep</aspectratio>
                            <texture>$INFO[Window.Property(Provider.3.Icon)]</texture>
                        </control>
                        
                        <control type="button" id="503">
                            <width>60</width>
                            <height>60</height>
                            <texturenofocus />
                            <texturefocus colordiffuse="FF00AEEF" border="30">focus.png</texturefocus>
                            <animation effect="zoom" start="100" end="110" time="150" center="30,30">Focus</animation>
                            <animation effect="zoom" start="110" end="100" time="150" center="30,30">UnFocus</animation>
                            <onup>400</onup>
                            <onleft condition="!IsEmpty(Window.Property(Provider.2.Icon))">502</onleft>
                            <onleft condition="IsEmpty(Window.Property(Provider.2.Icon))">501</onleft>
                            <onright condition="!IsEmpty(Window.Property(Provider.4.Icon))">504</onright>
                            <ondown condition="String.IsEqual(Window.Property(media_type),movie) + !String.IsEqual(Window.Property(HasCollection),true)">302</ondown>
                            <ondown condition="String.IsEqual(Window.Property(media_type),movie) + String.IsEqual(Window.Property(HasCollection),true)">312</ondown>
                            <ondown condition="String.IsEqual(Window.Property(media_type),tvshow)">321</ondown>
                        </control>
                    </control>

                    <!-- Provider 4 -->
                    <control type="group">
                        <left>225</left>
                        <width>60</width>
                        <height>60</height>
                        <visible>!IsEmpty(Window.Property(Provider.4.Icon))</visible>
                        
                        <control type="image">
                            <width>60</width>
                            <height>60</height>
                            <texture colordiffuse="33FFFFFF">common/umbbutton5.png</texture>
                        </control>
                        
                        <control type="image">
                            <left>5</left>
                            <top>5</top>
                            <width>50</width>
                            <height>50</height>
                            <aspectratio align="center" aligny="center">keep</aspectratio>
                            <texture>$INFO[Window.Property(Provider.4.Icon)]</texture>
                        </control>
                        
                        <control type="button" id="504">
                            <width>60</width>
                            <height>60</height>
                            <texturenofocus />
                            <texturefocus colordiffuse="FF00AEEF" border="30">focus.png</texturefocus>
                            <animation effect="zoom" start="100" end="110" time="150" center="30,30">Focus</animation>
                            <animation effect="zoom" start="110" end="100" time="150" center="30,30">UnFocus</animation>
                            <onup>400</onup>
                            <onleft condition="!IsEmpty(Window.Property(Provider.3.Icon))">503</onleft>
                            <onleft condition="IsEmpty(Window.Property(Provider.3.Icon))">502</onleft>
                            <ondown condition="String.IsEqual(Window.Property(media_type),movie) + !String.IsEqual(Window.Property(HasCollection),true)">302</ondown>
                            <ondown condition="String.IsEqual(Window.Property(media_type),movie) + String.IsEqual(Window.Property(HasCollection),true)">312</ondown>
                            <ondown condition="String.IsEqual(Window.Property(media_type),tvshow)">321</ondown>
                        </control>
                    </control>
                </control>
            </control>

            <!-- ================== BOTÕES PRINCIPAIS ================== -->
            <!-- GRUPO 1: FILME SEM COLEÇÃO (2 botões) -->
            <control type="grouplist" id="300">
                <top>475</top>
                <height>80</height>
                <width>1100</width>
                <orientation>horizontal</orientation>
                <itemgap>20</itemgap>
                <onup>501</onup>
                <ondown>50</ondown>
                <animation effect="slide" start="-100,0" end="0,0" time="300">WindowOpen</animation>
                <animation effect="fade" start="0" end="100" time="400" delay="600">WindowOpen</animation>
                <visible>String.IsEqual(Window.Property(media_type),movie) + !String.IsEqual(Window.Property(HasCollection),true)</visible>
                
                <control type="button" id="302">
                    <width>540</width>
                    <height>70</height>
                    <label>▶ Play</label>
                    <font>font14</font>
                    <texturefocus border="15" colordiffuse="FF00AEEF">panel.png</texturefocus>
                    <texturenofocus border="15" colordiffuse="FF282828">panel.png</texturenofocus>
                    <textcolor>FFCCCCCC</textcolor>
                    <textoffsety>10</textoffsety>
                    <focusedcolor>FF000000</focusedcolor>
                    <animation effect="zoom" start="95" end="100" center="270,35" time="150">Focus</animation>
                    <animation effect="fade" start="70" end="100" time="150">Focus</animation>
                    <animation type="Focus" reversible="false">
                        <effect type="zoom" end="105" time="100" center="270,35" />
                        <effect type="zoom" start="105" end="100" time="200" delay="100" center="270,35" />
                    </animation>
                    <align>center</align>
                    <onup>501</onup>
                    <onleft>504</onleft>
                </control>
                
                <control type="button" id="305">
                    <width>540</width>
                    <height>70</height>
                    <label>$INFO[Window.Property(FavoriteLabel)]</label>
                    <font>font14</font>
                    <texturefocus border="15" colordiffuse="FF00AEEF">panel.png</texturefocus>
                    <texturenofocus border="15" colordiffuse="FF282828">panel.png</texturenofocus>
                    <textcolor>FFCCCCCC</textcolor>
                    <textoffsety>10</textoffsety>
                    <focusedcolor>FF000000</focusedcolor>
                    <animation effect="zoom" start="95" end="100" center="270,35" time="150">Focus</animation>
                    <animation effect="fade" start="70" end="100" time="150">Focus</animation>
                    <animation type="Focus" reversible="false">
                        <effect type="zoom" end="105" time="100" center="270,35" />
                        <effect type="zoom" start="105" end="100" time="200" delay="100" center="270,35" />
                    </animation>
                    <align>center</align>
                    <onup>501</onup>
                    <onleft>302</onleft>
                </control>
            </control>
            
            <!-- BOTÕES FILME COM COLEÇÃO -->
            <control type="grouplist" id="310">
                <top>475</top>
                <height>80</height>
                <width>1100</width>
                <orientation>horizontal</orientation>
                <itemgap>20</itemgap>
                <onup>501</onup>
                <ondown>50</ondown>
                <animation effect="slide" start="-100,0" end="0,0" time="300">WindowOpen</animation>
                <animation effect="fade" start="0" end="100" time="400" delay="600">WindowOpen</animation>
                <visible>String.IsEqual(Window.Property(media_type),movie) + String.IsEqual(Window.Property(HasCollection),true)</visible>

                <control type="button" id="312">
                    <width>340</width>
                    <height>70</height>
                    <label>▶ Play</label>
                    <font>font14</font>
                    <texturefocus border="15" colordiffuse="FF00AEEF">panel.png</texturefocus>
                    <texturenofocus border="15" colordiffuse="FF282828">panel.png</texturenofocus>
                    <textcolor>FFCCCCCC</textcolor>
                    <textoffsety>10</textoffsety>
                    <focusedcolor>FF000000</focusedcolor>
                    <animation effect="zoom" start="95" end="100" center="170,35" time="150">Focus</animation>
                    <animation effect="fade" start="70" end="100" time="150">Focus</animation>
                    <align>center</align>
                    <onup>501</onup>
                    <onleft>504</onleft>
                </control>
                
                <control type="button" id="313">
                    <width>340</width>
                    <height>70</height>
                    <label>Coleção</label>
                    <font>font14</font>
                    <texturefocus border="15" colordiffuse="FF00AEEF">panel.png</texturefocus>
                    <texturenofocus border="15" colordiffuse="FF282828">panel.png</texturenofocus>
                    <textcolor>FFCCCCCC</textcolor>
                    <textoffsety>10</textoffsety>
                    <focusedcolor>FF000000</focusedcolor>
                    <animation effect="zoom" start="95" end="100" center="170,35" time="150">Focus</animation>
                    <animation effect="fade" start="70" end="100" time="150">Focus</animation>
                    <align>center</align>
                    <onup>501</onup>
                    <onleft>312</onleft>
                </control>
                
                <control type="button" id="315">
                    <width>340</width>
                    <height>70</height>
                    <label>$INFO[Window.Property(FavoriteLabel)]</label>
                    <font>font14</font>
                    <texturefocus border="15" colordiffuse="FF00AEEF">panel.png</texturefocus>
                    <texturenofocus border="15" colordiffuse="FF282828">panel.png</texturenofocus>
                    <textcolor>FFCCCCCC</textcolor>
                    <textoffsety>10</textoffsety>
                    <focusedcolor>FF000000</focusedcolor>
                    <animation effect="zoom" start="95" end="100" center="170,35" time="150">Focus</animation>
                    <animation effect="fade" start="70" end="100" time="150">Focus</animation>
                    <align>center</align>
                    <onup>501</onup>
                    <onleft>313</onleft>
                </control>
            </control>
            
            <!-- BOTÕES SÉRIE -->
            <control type="grouplist" id="320">
                <top>475</top>
                <height>80</height>
                <width>1100</width>
                <orientation>horizontal</orientation>
                <itemgap>20</itemgap>
                <onup>501</onup>
                <ondown>50</ondown>
                <animation effect="slide" start="-100,0" end="0,0" time="300">WindowOpen</animation>
                <animation effect="fade" start="0" end="100" time="400" delay="600">WindowOpen</animation>
                <visible>String.IsEqual(Window.Property(media_type),tvshow)</visible>
                
                <control type="button" id="321">
                    <width>540</width>
                    <height>70</height>
                    <label>Ver Temporadas</label>
                    <font>font14</font>
                    <texturefocus border="15" colordiffuse="FF00AEEF">panel.png</texturefocus>
                    <texturenofocus border="15" colordiffuse="FF282828">panel.png</texturenofocus>
                    <textcolor>FFCCCCCC</textcolor>
                    <textoffsety>10</textoffsety>
                    <focusedcolor>FF000000</focusedcolor>
                    <animation effect="zoom" start="95" end="100" center="270,35" time="150">Focus</animation>
                    <animation effect="fade" start="70" end="100" time="150">Focus</animation>
                    <align>center</align>
                    <onup>501</onup>
                    <onleft>504</onleft>
                </control>
                
                <control type="button" id="322">
                    <width>540</width>
                    <height>70</height>
                    <label>$INFO[Window.Property(FavoriteLabel)]</label>
                    <font>font14</font>
                    <texturefocus border="15" colordiffuse="FF00AEEF">panel.png</texturefocus>
                    <texturenofocus border="15" colordiffuse="FF282828">panel.png</texturenofocus>
                    <textcolor>FFCCCCCC</textcolor>
                    <textoffsety>10</textoffsety>
                    <focusedcolor>FF000000</focusedcolor>
                    <animation effect="zoom" start="95" end="100" center="270,35" time="150">Focus</animation>
                    <animation effect="fade" start="70" end="100" time="150">Focus</animation>
                    <align>center</align>
                    <onup>501</onup>
                    <onleft>321</onleft>
                </control>
            </control>

            <!-- ================== SINOPSE ================== -->

            <control type="button" id="50">
                <top>595</top>
                <width>1100</width>
                <height>320</height>
                <onup condition="String.IsEqual(Window.Property(media_type),movie) + !String.IsEqual(Window.Property(HasCollection),true)">305</onup>
                <onup condition="String.IsEqual(Window.Property(media_type),movie) + String.IsEqual(Window.Property(HasCollection),true)">315</onup>
                <onup condition="String.IsEqual(Window.Property(media_type),tvshow)">322</onup>
                <ondown>999</ondown>
                <texturefocus colordiffuse="FF00AEEF" border="30">circle.png</texturefocus>
                <texturenofocus colordiffuse="FF1F2020" border="30">circle.png</texturenofocus>
                <animation effect="fade" start="0" end="100" time="400" delay="700">WindowOpen</animation>
            </control>

            <control type="textbox">
                <top>620</top>
                <left>30</left>
                <width>1040</width>
                <height>290</height>
                <font>font13</font>
                <align>justify</align>
                <textcolor>FFDDDDDD</textcolor>
                <label>$INFO[Window.Property(plot)]</label>
                <visible>!Control.HasFocus(50)</visible>
            </control>

            <control type="textbox">
                <top>620</top>
                <left>30</left>
                <width>1040</width>
                <height>290</height>
                <font>font13</font>
                <align>justify</align>
                <textcolor>FFCCCCCC</textcolor>
                <label>$INFO[Window.Property(plot)]</label>
                <autoscroll>true</autoscroll>
                <visible>Control.HasFocus(50)</visible>
            </control>

            <!-- RODAPÉ -->
            <control type="label">
                <top>940</top>
                <width>1100</width>
                <height>30</height>
                <font>font12</font>
                <textcolor>FFAAAAAA</textcolor>
                <align>center</align>
                <label>Pressione VOLTAR para fechar • Desative esta função nas configurações</label>
            </control>
        </control>

        <!-- BOTÃO FECHAR -->
        <control type="button" id="999">
            <top>20</top>
            <left>1850</left>
            <width>50</width>
            <height>50</height>
            <texturefocus colordiffuse="FF00FFFF">Button/close.png</texturefocus>
            <texturenofocus colordiffuse="66FFFFFF">Button/close.png</texturenofocus>
            <onclick>Action(close)</onclick>
            <onup>50</onup>
            <ondown>400</ondown>
            <onleft>504</onleft>
        </control>
    </controls>
</window>